{
  "start_time": "2025-12-02 17:08:45",
  "model": "yolo11s",
  "dataset": "bdd100k_yolo_limited",
  "config_mode": "tuned",
  "tuning_run": "yolo11s_finetuned_20251201_tune_20251201_050018",
  "best_hyperparameters": {
    "imgsz": 768,
    "optimizer": "SGD",
    "lr0": 0.0014266301191773261,
    "momentum": 0.9694581216785425,
    "weight_decay": 0.0005408962177381937,
    "warmup_epochs": 3,
    "warmup_momentum": 0.895636626196151,
    "warmup_bias_lr": 0.06052637637356499,
    "mosaic": 0.879214287562742,
    "mixup": 0.06839573122710534
  },
  "epochs": 70,
  "batch_size": 16,
  "image_size": 640,
  "final_metrics": {
    "map50": 0.5537741681548399,
    "map50_95": 0.3191989300963771,
    "precision": 0.6475583571525044,
    "recall": 0.5024522926854077
  },
  "best_model_path": "/home/adminai/src-code/CV/project_repo/tune_train/training/yolo11s_train_20251201_081829/weights/best.pt",
  "last_model_path": "/home/adminai/src-code/CV/project_repo/tune_train/training/yolo11s_train_20251201_081829/weights/last.pt"
}