{
  "trial_number": 32,
  "model_name": "yolo11s_finetuned_20251201",
  "dataset": "bdd100k_yolo_tiny",
  "trial_directory": "/home/adminai/src-code/CV/project_repo/tune_train/tune/yolo11s_finetuned_20251201_tune_20251201_050018/trial_032",
  "hyperparameters": {
    "imgsz": 768,
    "batch": 16,
    "optimizer": "SGD",
    "lr0": 0.0018820903064328083,
    "momentum": 0.9661371273532517,
    "weight_decay": 0.0008148999082197702,
    "warmup_epochs": 2,
    "warmup_momentum": 0.7820010900112135,
    "warmup_bias_lr": 0.0488880475978486,
    "mosaic": 0.9209826482074976,
    "mixup": 0.07721115206698227,
    "epochs": 10,
    "device": "cuda",
    "val": true,
    "patience": 20,
    "save": true,
    "plots": true,
    "cache": false,
    "workers": 4,
    "close_mosaic": 10,
    "verbose": true
  },
  "validation_metrics": {
    "map50": 0.5490064699617585,
    "map50_95": 0.30336079452498366,
    "precision": 0.7425678540259744,
    "recall": 0.487060110923718
  },
  "training_metrics": {
    "metrics/precision(B)": 0.7546849524451689,
    "metrics/recall(B)": 0.4794431533746962,
    "metrics/mAP50(B)": 0.5500274599902817,
    "metrics/mAP50-95(B)": 0.30413388756258386
  },
  "training_config": {
    "epochs": 10,
    "batch_size": 16,
    "image_size": 768,
    "device": "cuda"
  },
  "timestamp": "2025-12-01T05:47:12.445781",
  "status": "completed"
}