{
  "trial_number": 39,
  "model_name": "yolo11s_finetuned_20251201",
  "dataset": "bdd100k_yolo_tiny",
  "trial_directory": "/home/adminai/src-code/CV/project_repo/tune_train/tune/yolo11s_finetuned_20251201_tune_20251201_050018/trial_039",
  "hyperparameters": {
    "imgsz": 768,
    "batch": 16,
    "optimizer": "Adam",
    "lr0": 0.0010843452213023064,
    "momentum": 0.9541108058460681,
    "weight_decay": 0.0007592175201998521,
    "warmup_epochs": 3,
    "warmup_momentum": 0.8228066382494131,
    "warmup_bias_lr": 0.07043698388493358,
    "mosaic": 0.6745595317825923,
    "mixup": 0.1203031083254431,
    "epochs": 10,
    "device": "cuda",
    "val": true,
    "patience": 20,
    "save": true,
    "plots": true,
    "cache": false,
    "workers": 4,
    "close_mosaic": 10,
    "verbose": true
  },
  "validation_metrics": {
    "map50": 0.5127980588812139,
    "map50_95": 0.2741976142726579,
    "precision": 0.584510056576847,
    "recall": 0.47096487946846366
  },
  "training_metrics": {
    "metrics/precision(B)": 0.584545905769199,
    "metrics/recall(B)": 0.46978519252756434,
    "metrics/mAP50(B)": 0.5116190218895956,
    "metrics/mAP50-95(B)": 0.2738654063360719
  },
  "training_config": {
    "epochs": 10,
    "batch_size": 16,
    "image_size": 768,
    "device": "cuda"
  },
  "timestamp": "2025-12-01T05:57:45.972901",
  "status": "completed"
}