{
  "trial_number": 21,
  "model_name": "yolo11s_finetuned_20251201",
  "dataset": "bdd100k_yolo_tiny",
  "trial_directory": "/home/adminai/src-code/CV/project_repo/tune_train/tune/yolo11s_finetuned_20251201_tune_20251201_050018/trial_021",
  "hyperparameters": {
    "imgsz": 768,
    "batch": 16,
    "optimizer": "SGD",
    "lr0": 0.001614581866934814,
    "momentum": 0.9605221276293522,
    "weight_decay": 0.0004782343662535138,
    "warmup_epochs": 2,
    "warmup_momentum": 0.931693270428679,
    "warmup_bias_lr": 0.07837083112560542,
    "mosaic": 0.9148455465976462,
    "mixup": 0.08448058220188287,
    "epochs": 10,
    "device": "cuda",
    "val": true,
    "patience": 20,
    "save": true,
    "plots": true,
    "cache": false,
    "workers": 4,
    "close_mosaic": 10,
    "verbose": true
  },
  "validation_metrics": {
    "map50": 0.5513956214275897,
    "map50_95": 0.30458378752762694,
    "precision": 0.754924601995278,
    "recall": 0.4802812702440532
  },
  "training_metrics": {
    "metrics/precision(B)": 0.7559511223576807,
    "metrics/recall(B)": 0.47811965285813274,
    "metrics/mAP50(B)": 0.5512064760335893,
    "metrics/mAP50-95(B)": 0.3049099151884336
  },
  "training_config": {
    "epochs": 10,
    "batch_size": 16,
    "image_size": 768,
    "device": "cuda"
  },
  "timestamp": "2025-12-01T05:31:13.705660",
  "status": "completed"
}