{
  "trial_number": 17,
  "model_name": "yolo11s_finetuned_20251201",
  "dataset": "bdd100k_yolo_tiny",
  "trial_directory": "/home/adminai/src-code/CV/project_repo/tune_train/tune/yolo11s_finetuned_20251201_tune_20251201_050018/trial_017",
  "hyperparameters": {
    "imgsz": 768,
    "batch": 16,
    "optimizer": "SGD",
    "lr0": 0.00159152704616347,
    "momentum": 0.9624087028389618,
    "weight_decay": 0.00037476809765594246,
    "warmup_epochs": 3,
    "warmup_momentum": 0.8396810944967362,
    "warmup_bias_lr": 0.06812719414230545,
    "mosaic": 0.9216595553968547,
    "mixup": 0.06451181608318496,
    "epochs": 10,
    "device": "cuda",
    "val": true,
    "patience": 20,
    "save": true,
    "plots": true,
    "cache": false,
    "workers": 4,
    "close_mosaic": 10,
    "verbose": true
  },
  "validation_metrics": {
    "map50": 0.550632841784447,
    "map50_95": 0.3041910312869836,
    "precision": 0.7663873048142216,
    "recall": 0.4760174578030063
  },
  "training_metrics": {
    "metrics/precision(B)": 0.7651099289480989,
    "metrics/recall(B)": 0.4763270679684937,
    "metrics/mAP50(B)": 0.5496864809200559,
    "metrics/mAP50-95(B)": 0.303797653034771
  },
  "training_config": {
    "epochs": 10,
    "batch_size": 16,
    "image_size": 768,
    "device": "cuda"
  },
  "timestamp": "2025-12-01T05:25:52.276156",
  "status": "completed"
}