{
  "trial_number": 31,
  "model_name": "yolo11s_finetuned_20251201",
  "dataset": "bdd100k_yolo_tiny",
  "trial_directory": "/home/adminai/src-code/CV/project_repo/tune_train/tune/yolo11s_finetuned_20251201_tune_20251201_050018/trial_031",
  "hyperparameters": {
    "imgsz": 768,
    "batch": 16,
    "optimizer": "SGD",
    "lr0": 0.0007402121005840043,
    "momentum": 0.9676314366175349,
    "weight_decay": 0.00027526527855400973,
    "warmup_epochs": 3,
    "warmup_momentum": 0.919526285677777,
    "warmup_bias_lr": 0.07639577582570085,
    "mosaic": 0.9601204217024863,
    "mixup": 0.1334378546374634,
    "epochs": 10,
    "device": "cuda",
    "val": true,
    "patience": 20,
    "save": true,
    "plots": true,
    "cache": false,
    "workers": 4,
    "close_mosaic": 10,
    "verbose": true
  },
  "validation_metrics": {
    "map50": 0.5447651072056401,
    "map50_95": 0.30472345206511986,
    "precision": 0.6562896849760377,
    "recall": 0.49969915133164966
  },
  "training_metrics": {
    "metrics/precision(B)": 0.6571755752094701,
    "metrics/recall(B)": 0.49949577036933074,
    "metrics/mAP50(B)": 0.5454612626191617,
    "metrics/mAP50-95(B)": 0.30466647307392314
  },
  "training_config": {
    "epochs": 10,
    "batch_size": 16,
    "image_size": 768,
    "device": "cuda"
  },
  "timestamp": "2025-12-01T05:45:44.180706",
  "status": "completed"
}