{
  "trial_number": 15,
  "model_name": "yolo11s_finetuned_20251201",
  "dataset": "bdd100k_yolo_tiny",
  "trial_directory": "/home/adminai/src-code/CV/project_repo/tune_train/tune/yolo11s_finetuned_20251201_tune_20251201_050018/trial_015",
  "hyperparameters": {
    "imgsz": 768,
    "batch": 16,
    "optimizer": "SGD",
    "lr0": 0.00012814337599323492,
    "momentum": 0.9683223368194535,
    "weight_decay": 0.0001993208959963419,
    "warmup_epochs": 3,
    "warmup_momentum": 0.7431002321688551,
    "warmup_bias_lr": 0.041761473784948294,
    "mosaic": 0.999790179683723,
    "mixup": 0.022249693811966856,
    "epochs": 10,
    "device": "cuda",
    "val": true,
    "patience": 20,
    "save": true,
    "plots": true,
    "cache": false,
    "workers": 4,
    "close_mosaic": 10,
    "verbose": true
  },
  "validation_metrics": {
    "map50": 0.5493270292808767,
    "map50_95": 0.3028415828859003,
    "precision": 0.7502401849090278,
    "recall": 0.4850798629920902
  },
  "training_metrics": {
    "metrics/precision(B)": 0.7472496581319302,
    "metrics/recall(B)": 0.4847222619696824,
    "metrics/mAP50(B)": 0.5486652628145043,
    "metrics/mAP50-95(B)": 0.301645629861001
  },
  "training_config": {
    "epochs": 10,
    "batch_size": 16,
    "image_size": 768,
    "device": "cuda"
  },
  "timestamp": "2025-12-01T05:22:54.998771",
  "status": "completed"
}