{
  "trial_number": 10,
  "model_name": "yolo11s_finetuned_20251201",
  "dataset": "bdd100k_yolo_tiny",
  "trial_directory": "/home/adminai/src-code/CV/project_repo/tune_train/tune/yolo11s_finetuned_20251201_tune_20251201_050018/trial_010",
  "hyperparameters": {
    "imgsz": 640,
    "batch": 32,
    "optimizer": "AdamW",
    "lr0": 0.00012019462074072741,
    "momentum": 0.8751994424704447,
    "weight_decay": 0.0008564246077898465,
    "warmup_epochs": 3,
    "warmup_momentum": 0.8300113009765738,
    "warmup_bias_lr": 0.01867742913680949,
    "mosaic": 0.5719899949745945,
    "mixup": 0.14260259077459436,
    "epochs": 10,
    "device": "cuda",
    "val": true,
    "patience": 20,
    "save": true,
    "plots": true,
    "cache": false,
    "workers": 4,
    "close_mosaic": 10,
    "verbose": true
  },
  "validation_metrics": {
    "map50": 0.5362387450004505,
    "map50_95": 0.2920946292720966,
    "precision": 0.7132533297458826,
    "recall": 0.474998430268898
  },
  "training_metrics": {
    "metrics/precision(B)": 0.7126370088776957,
    "metrics/recall(B)": 0.4749894799048874,
    "metrics/mAP50(B)": 0.5353964281915062,
    "metrics/mAP50-95(B)": 0.2922864255164919
  },
  "training_config": {
    "epochs": 10,
    "batch_size": 32,
    "image_size": 640,
    "device": "cuda"
  },
  "timestamp": "2025-12-01T05:15:26.846040",
  "status": "completed"
}