{
  "trial_number": 35,
  "model_name": "yolo11s_finetuned_20251201",
  "dataset": "bdd100k_yolo_tiny",
  "trial_directory": "/home/adminai/src-code/CV/project_repo/tune_train/tune/yolo11s_finetuned_20251201_tune_20251201_050018/trial_035",
  "hyperparameters": {
    "imgsz": 768,
    "batch": 16,
    "optimizer": "SGD",
    "lr0": 0.0019390554976965932,
    "momentum": 0.9681501671201503,
    "weight_decay": 0.0008354607262139411,
    "warmup_epochs": 3,
    "warmup_momentum": 0.8967477252448028,
    "warmup_bias_lr": 0.05355036993962625,
    "mosaic": 0.9433515421595815,
    "mixup": 0.08447022631842607,
    "epochs": 10,
    "device": "cuda",
    "val": true,
    "patience": 20,
    "save": true,
    "plots": true,
    "cache": false,
    "workers": 4,
    "close_mosaic": 10,
    "verbose": true
  },
  "validation_metrics": {
    "map50": 0.5449649682606236,
    "map50_95": 0.3044619771647196,
    "precision": 0.6419955412520351,
    "recall": 0.49655027416445535
  },
  "training_metrics": {
    "metrics/precision(B)": 0.6390136266343223,
    "metrics/recall(B)": 0.49736064969617766,
    "metrics/mAP50(B)": 0.5449862532260614,
    "metrics/mAP50-95(B)": 0.30445748429875796
  },
  "training_config": {
    "epochs": 10,
    "batch_size": 16,
    "image_size": 768,
    "device": "cuda"
  },
  "timestamp": "2025-12-01T05:51:43.352138",
  "status": "completed"
}