{
  "trial_number": 13,
  "model_name": "yolo11s_finetuned_20251201",
  "dataset": "bdd100k_yolo_tiny",
  "trial_directory": "/home/adminai/src-code/CV/project_repo/tune_train/tune/yolo11s_finetuned_20251201_tune_20251201_050018/trial_013",
  "hyperparameters": {
    "imgsz": 768,
    "batch": 16,
    "optimizer": "SGD",
    "lr0": 0.0003210971776214289,
    "momentum": 0.9394738965994355,
    "weight_decay": 0.0007193704932897428,
    "warmup_epochs": 3,
    "warmup_momentum": 0.8759902054909975,
    "warmup_bias_lr": 0.06325166481166189,
    "mosaic": 0.9599505702973337,
    "mixup": 0.061381502450798424,
    "epochs": 10,
    "device": "cuda",
    "val": true,
    "patience": 20,
    "save": true,
    "plots": true,
    "cache": false,
    "workers": 4,
    "close_mosaic": 10,
    "verbose": true
  },
  "validation_metrics": {
    "map50": 0.5509496000491625,
    "map50_95": 0.30319378217680437,
    "precision": 0.7615855295393278,
    "recall": 0.47969708493232216
  },
  "training_metrics": {
    "metrics/precision(B)": 0.7599709605562268,
    "metrics/recall(B)": 0.4796624196382666,
    "metrics/mAP50(B)": 0.5494724972357815,
    "metrics/mAP50-95(B)": 0.3022354913079115
  },
  "training_config": {
    "epochs": 10,
    "batch_size": 16,
    "image_size": 768,
    "device": "cuda"
  },
  "timestamp": "2025-12-01T05:19:54.787947",
  "status": "completed"
}