{
  "trial_number": 22,
  "model_name": "yolo11s_finetuned_20251201",
  "dataset": "bdd100k_yolo_tiny",
  "trial_directory": "/home/adminai/src-code/CV/project_repo/tune_train/tune/yolo11s_finetuned_20251201_tune_20251201_050018/trial_022",
  "hyperparameters": {
    "imgsz": 768,
    "batch": 16,
    "optimizer": "SGD",
    "lr0": 0.0031714909629523115,
    "momentum": 0.9559040261756974,
    "weight_decay": 0.00025442259257066617,
    "warmup_epochs": 1,
    "warmup_momentum": 0.9352212352301312,
    "warmup_bias_lr": 0.07370233444743512,
    "mosaic": 0.8998145682788873,
    "mixup": 0.10861161697146811,
    "epochs": 10,
    "device": "cuda",
    "val": true,
    "patience": 20,
    "save": true,
    "plots": true,
    "cache": false,
    "workers": 4,
    "close_mosaic": 10,
    "verbose": true
  },
  "validation_metrics": {
    "map50": 0.5494450785405307,
    "map50_95": 0.3057268143071696,
    "precision": 0.6354274249380124,
    "recall": 0.4979888427484517
  },
  "training_metrics": {
    "metrics/precision(B)": 0.6357267710086306,
    "metrics/recall(B)": 0.49563085576243837,
    "metrics/mAP50(B)": 0.5493591753226932,
    "metrics/mAP50-95(B)": 0.30452358375986455
  },
  "training_config": {
    "epochs": 10,
    "batch_size": 16,
    "image_size": 768,
    "device": "cuda"
  },
  "timestamp": "2025-12-01T05:32:45.817238",
  "status": "completed"
}