timeofday,images,expected,matched,missed,accuracy
dawn/dusk,1476,28884,22902,5982,0.7928957208142916
daytime,10446,206835,164307,42528,0.7943868300819493
night,8036,131707,106090,25617,0.805500087315025
undefined,42,302,252,50,0.8344370860927153
