scene,images,expected,matched,missed,accuracy
highway,5069,73549,57545,16004,0.7824035676895675
city street,12288,252212,201217,50995,0.7978089860910662
residential,2382,38980,32262,6718,0.8276552077988713
undefined,98,1076,895,181,0.8317843866171004
tunnel,49,325,271,54,0.8338461538461538
gas stations,6,68,58,10,0.8529411764705882
parking lot,108,1518,1303,215,0.8583662714097496
