size_bucket,expected,matched,missed,accuracy
small,321502,248889,72613,0.7741444843266916
medium,33242,32115,1127,0.9660971060706335
large,12984,12547,437,0.9663431916204559
