weather,images,expected,matched,missed,accuracy
overcast,2568,54344,42635,11709,0.784539231561902
partly cloudy,1441,28112,22250,5862,0.7914769493454752
clear,10756,187148,149408,37740,0.7983414196251095
undefined,2340,46993,37858,9135,0.8056093460728193
snowy,1551,28238,22798,5440,0.8073517954529358
rainy,1306,22348,18158,4190,0.8125111866833721
foggy,38,545,444,101,0.8146788990825689
