object_count_range,images,expected,matched,missed,accuracy
1-5,1148,5171,4504,667,0.8710114097853413
6-10,3378,27420,23262,4158,0.8483588621444201
11-20,8189,127057,104907,22150,0.8256687943206592
21-50,7177,201968,156822,45146,0.776469539729066
50+,108,6112,4056,2056,0.6636125654450262
