{
  "trial_number": 5,
  "model_name": "yolo11s_finetuned_20251201",
  "dataset": "bdd100k_yolo_tiny",
  "trial_directory": "/home/adminai/src-code/CV/project_repo/tune_train/tune/yolo11s_finetuned_20251201_tune_20251201_050018/trial_005",
  "hyperparameters": {
    "imgsz": 640,
    "batch": 32,
    "optimizer": "AdamW",
    "lr0": 0.0020512599422151364,
    "momentum": 0.8738458817841006,
    "weight_decay": 1.0257563974185649e-05,
    "warmup_epochs": 3,
    "warmup_momentum": 0.8180858047314277,
    "warmup_bias_lr": 0.07290071680409874,
    "mosaic": 0.8856351733429728,
    "mixup": 0.014808930346818072,
    "epochs": 10,
    "device": "cuda",
    "val": true,
    "patience": 20,
    "save": true,
    "plots": true,
    "cache": false,
    "workers": 4,
    "close_mosaic": 10,
    "verbose": true
  },
  "validation_metrics": {
    "map50": 0.4734807192127814,
    "map50_95": 0.25606436389127923,
    "precision": 0.6987352238731755,
    "recall": 0.4093232157327574
  },
  "training_metrics": {
    "metrics/precision(B)": 0.6970951255098716,
    "metrics/recall(B)": 0.4087889626427995,
    "metrics/mAP50(B)": 0.47254064974828563,
    "metrics/mAP50-95(B)": 0.25490218335447645
  },
  "training_config": {
    "epochs": 10,
    "batch_size": 32,
    "image_size": 640,
    "device": "cuda"
  },
  "timestamp": "2025-12-01T05:08:41.596956",
  "status": "completed"
}