{
  "trial_number": 26,
  "model_name": "yolo11s_finetuned_20251201",
  "dataset": "bdd100k_yolo_tiny",
  "trial_directory": "/home/adminai/src-code/CV/project_repo/tune_train/tune/yolo11s_finetuned_20251201_tune_20251201_050018/trial_026",
  "hyperparameters": {
    "imgsz": 768,
    "batch": 16,
    "optimizer": "AdamW",
    "lr0": 0.000968080484955678,
    "momentum": 0.9527843910124534,
    "weight_decay": 0.00044429064625774476,
    "warmup_epochs": 2,
    "warmup_momentum": 0.9323787406309254,
    "warmup_bias_lr": 0.09640289105379306,
    "mosaic": 0.9049753439578146,
    "mixup": 0.07340674862711377,
    "epochs": 10,
    "device": "cuda",
    "val": true,
    "patience": 20,
    "save": true,
    "plots": true,
    "cache": false,
    "workers": 4,
    "close_mosaic": 10,
    "verbose": true
  },
  "validation_metrics": {
    "map50": 0.5068193707821373,
    "map50_95": 0.2733641787006784,
    "precision": 0.6010617968543832,
    "recall": 0.4569283471820083
  },
  "training_metrics": {
    "metrics/precision(B)": 0.604917939994687,
    "metrics/recall(B)": 0.4553577103301566,
    "metrics/mAP50(B)": 0.5062878274715302,
    "metrics/mAP50-95(B)": 0.27295785710816667
  },
  "training_config": {
    "epochs": 10,
    "batch_size": 16,
    "image_size": 768,
    "device": "cuda"
  },
  "timestamp": "2025-12-01T05:38:27.990756",
  "status": "completed"
}