{
  "trial_number": 12,
  "model_name": "yolo11s_finetuned_20251201",
  "dataset": "bdd100k_yolo_tiny",
  "trial_directory": "/home/adminai/src-code/CV/project_repo/tune_train/tune/yolo11s_finetuned_20251201_tune_20251201_050018/trial_012",
  "hyperparameters": {
    "imgsz": 768,
    "batch": 16,
    "optimizer": "SGD",
    "lr0": 0.00012529820223700834,
    "momentum": 0.9562786100488956,
    "weight_decay": 0.00038828555095284285,
    "warmup_epochs": 2,
    "warmup_momentum": 0.8639236520085273,
    "warmup_bias_lr": 0.04826005313047981,
    "mosaic": 0.8944139703651505,
    "mixup": 0.09974640585253298,
    "epochs": 10,
    "device": "cuda",
    "val": true,
    "patience": 20,
    "save": true,
    "plots": true,
    "cache": false,
    "workers": 4,
    "close_mosaic": 10,
    "verbose": true
  },
  "validation_metrics": {
    "map50": 0.549873191416895,
    "map50_95": 0.3030600085225471,
    "precision": 0.7551290100366677,
    "recall": 0.48356912674459124
  },
  "training_metrics": {
    "metrics/precision(B)": 0.7552556333005583,
    "metrics/recall(B)": 0.48217774936941415,
    "metrics/mAP50(B)": 0.550444804211738,
    "metrics/mAP50-95(B)": 0.30275231845519934
  },
  "training_config": {
    "epochs": 10,
    "batch_size": 16,
    "image_size": 768,
    "device": "cuda"
  },
  "timestamp": "2025-12-01T05:18:24.702756",
  "status": "completed"
}