{
  "trial_number": 2,
  "model_name": "yolo11s_finetuned_20251201",
  "dataset": "bdd100k_yolo_tiny",
  "trial_directory": "/home/adminai/src-code/CV/project_repo/tune_train/tune/yolo11s_finetuned_20251201_tune_20251201_050018/trial_002",
  "hyperparameters": {
    "imgsz": 768,
    "batch": 16,
    "optimizer": "AdamW",
    "lr0": 0.00019485671251272575,
    "momentum": 0.8578061911582335,
    "weight_decay": 0.000790261954970823,
    "warmup_epochs": 3,
    "warmup_momentum": 0.8637788066524075,
    "warmup_bias_lr": 0.03046137691733707,
    "mosaic": 0.5488360570031919,
    "mixup": 0.1368466053024314,
    "epochs": 10,
    "device": "cuda",
    "val": true,
    "patience": 20,
    "save": true,
    "plots": true,
    "cache": false,
    "workers": 4,
    "close_mosaic": 10,
    "verbose": true
  },
  "validation_metrics": {
    "map50": 0.5496297075492725,
    "map50_95": 0.30469142363204893,
    "precision": 0.6571105748222201,
    "recall": 0.48697884384878226
  },
  "training_metrics": {
    "metrics/precision(B)": 0.6567845336288489,
    "metrics/recall(B)": 0.4880128482793958,
    "metrics/mAP50(B)": 0.5458115185277823,
    "metrics/mAP50-95(B)": 0.30082183731724776
  },
  "training_config": {
    "epochs": 10,
    "batch_size": 16,
    "image_size": 768,
    "device": "cuda"
  },
  "timestamp": "2025-12-01T05:05:04.688548",
  "status": "completed"
}