{
  "trial_number": 34,
  "model_name": "yolo11s_finetuned_20251201",
  "dataset": "bdd100k_yolo_tiny",
  "trial_directory": "/home/adminai/src-code/CV/project_repo/tune_train/tune/yolo11s_finetuned_20251201_tune_20251201_050018/trial_034",
  "hyperparameters": {
    "imgsz": 768,
    "batch": 16,
    "optimizer": "AdamW",
    "lr0": 0.0022153303004934155,
    "momentum": 0.9564260361060651,
    "weight_decay": 0.00040300171067563103,
    "warmup_epochs": 3,
    "warmup_momentum": 0.8066220389667953,
    "warmup_bias_lr": 0.060582178837790344,
    "mosaic": 0.8903098298500995,
    "mixup": 0.09069818541630502,
    "epochs": 10,
    "device": "cuda",
    "val": true,
    "patience": 20,
    "save": true,
    "plots": true,
    "cache": false,
    "workers": 4,
    "close_mosaic": 10,
    "verbose": true
  },
  "validation_metrics": {
    "map50": 0.487317382601104,
    "map50_95": 0.2586176865423363,
    "precision": 0.5825094010569932,
    "recall": 0.4480955610476577
  },
  "training_metrics": {
    "metrics/precision(B)": 0.583566745106525,
    "metrics/recall(B)": 0.44720199524709514,
    "metrics/mAP50(B)": 0.4860982405064501,
    "metrics/mAP50-95(B)": 0.25848311950371256
  },
  "training_config": {
    "epochs": 10,
    "batch_size": 16,
    "image_size": 768,
    "device": "cuda"
  },
  "timestamp": "2025-12-01T05:50:13.554906",
  "status": "completed"
}