{
  "trial_number": 16,
  "model_name": "yolo11s_finetuned_20251201",
  "dataset": "bdd100k_yolo_tiny",
  "trial_directory": "/home/adminai/src-code/CV/project_repo/tune_train/tune/yolo11s_finetuned_20251201_tune_20251201_050018/trial_016",
  "hyperparameters": {
    "imgsz": 768,
    "batch": 16,
    "optimizer": "SGD",
    "lr0": 0.0014266301191773261,
    "momentum": 0.9694581216785425,
    "weight_decay": 0.0005408962177381937,
    "warmup_epochs": 3,
    "warmup_momentum": 0.895636626196151,
    "warmup_bias_lr": 0.06052637637356499,
    "mosaic": 0.879214287562742,
    "mixup": 0.06839573122710534,
    "epochs": 10,
    "device": "cuda",
    "val": true,
    "patience": 20,
    "save": true,
    "plots": true,
    "cache": false,
    "workers": 4,
    "close_mosaic": 10,
    "verbose": true
  },
  "validation_metrics": {
    "map50": 0.5523124078127452,
    "map50_95": 0.30452663116135775,
    "precision": 0.7640272376196551,
    "recall": 0.4752168920072757
  },
  "training_metrics": {
    "metrics/precision(B)": 0.7611353937919203,
    "metrics/recall(B)": 0.475605468318354,
    "metrics/mAP50(B)": 0.5513600435355309,
    "metrics/mAP50-95(B)": 0.3045824929667681
  },
  "training_config": {
    "epochs": 10,
    "batch_size": 16,
    "image_size": 768,
    "device": "cuda"
  },
  "timestamp": "2025-12-01T05:24:21.763020",
  "status": "completed"
}