{
  "trial_number": 27,
  "model_name": "yolo11s_finetuned_20251201",
  "dataset": "bdd100k_yolo_tiny",
  "trial_directory": "/home/adminai/src-code/CV/project_repo/tune_train/tune/yolo11s_finetuned_20251201_tune_20251201_050018/trial_027",
  "hyperparameters": {
    "imgsz": 768,
    "batch": 16,
    "optimizer": "SGD",
    "lr0": 0.00024219163277840053,
    "momentum": 0.9468146687526185,
    "weight_decay": 0.0009911287712786904,
    "warmup_epochs": 3,
    "warmup_momentum": 0.931563649665869,
    "warmup_bias_lr": 0.08400543737690738,
    "mosaic": 0.8627082684382505,
    "mixup": 0.04208205069943187,
    "epochs": 10,
    "device": "cuda",
    "val": true,
    "patience": 20,
    "save": true,
    "plots": true,
    "cache": false,
    "workers": 4,
    "close_mosaic": 10,
    "verbose": true
  },
  "validation_metrics": {
    "map50": 0.5491152610248243,
    "map50_95": 0.30311341071724796,
    "precision": 0.7573279586022703,
    "recall": 0.47929240316268434
  },
  "training_metrics": {
    "metrics/precision(B)": 0.759003411259264,
    "metrics/recall(B)": 0.4784098675850948,
    "metrics/mAP50(B)": 0.5496639552210225,
    "metrics/mAP50-95(B)": 0.30271753324956363
  },
  "training_config": {
    "epochs": 10,
    "batch_size": 16,
    "image_size": 768,
    "device": "cuda"
  },
  "timestamp": "2025-12-01T05:39:58.637416",
  "status": "completed"
}