{
  "trial_number": 6,
  "model_name": "yolo11s_finetuned_20251201",
  "dataset": "bdd100k_yolo_tiny",
  "trial_directory": "/home/adminai/src-code/CV/project_repo/tune_train/tune/yolo11s_finetuned_20251201_tune_20251201_050018/trial_006",
  "hyperparameters": {
    "imgsz": 640,
    "batch": 32,
    "optimizer": "SGD",
    "lr0": 0.00012822825454807568,
    "momentum": 0.8873178786058794,
    "weight_decay": 4.4706085467784903e-05,
    "warmup_epochs": 2,
    "warmup_momentum": 0.7869008621098459,
    "warmup_bias_lr": 0.08872127425763265,
    "mosaic": 0.7361074625809747,
    "mixup": 0.02391884918766034,
    "epochs": 10,
    "device": "cuda",
    "val": true,
    "patience": 20,
    "save": true,
    "plots": true,
    "cache": false,
    "workers": 4,
    "close_mosaic": 10,
    "verbose": true
  },
  "validation_metrics": {
    "map50": 0.5417457601341787,
    "map50_95": 0.2968691425536479,
    "precision": 0.6025156208924907,
    "recall": 0.4895099124367718
  },
  "training_metrics": {
    "metrics/precision(B)": 0.6019879281462791,
    "metrics/recall(B)": 0.49037630844217495,
    "metrics/mAP50(B)": 0.541841339792392,
    "metrics/mAP50-95(B)": 0.2966174630971496
  },
  "training_config": {
    "epochs": 10,
    "batch_size": 32,
    "image_size": 640,
    "device": "cuda"
  },
  "timestamp": "2025-12-01T05:09:56.560711",
  "status": "completed"
}