{
  "metadata": {
    "model_name": "yolo11s_finetuned_20251202",
    "run_name": "yolo11s_finetuned_20251202_testing_20251202_172355",
    "wb_run_name": "yolo11s_finetuned_20251202_bdd100k_yolo_limited_test_20251202_172355",
    "timestamp": "2025-12-02T17:36:32.554121",
    "dataset": "bdd100k_yolo_limited",
    "data_split": "test",
    "images_processed": 20000,
    "iou_threshold": 0.5,
    "num_classes": 10
  },
  "model_info": {
    "parameters": 9431662,
    "model_size_mb": 18.286645889282227,
    "flops_gflops": 21.567846399999997
  },
  "performance": {
    "total_time_seconds": 105.4050030708313,
    "avg_inference_time_ms": 2691.7839058973186,
    "fps": 371.50084663525223,
    "images_processed": 20000
  },
  "custom_metrics": {
    "overall": {
      "precision": 0.7015639319386393,
      "recall": 0.7790665720454786,
      "f1_score": 0.7382868393640037,
      "true_positives": 257984,
      "false_positives": 109743,
      "false_negatives": 73161
    },
    "per_class": {
      "person": {
        "true_positives": 14831,
        "false_positives": 9819,
        "false_negatives": 4989,
        "precision": 0.6016632860040568,
        "recall": 0.748284561049445,
        "f1_score": 0.6670114684056667
      },
      "rider": {
        "true_positives": 636,
        "false_positives": 658,
        "false_negatives": 423,
        "precision": 0.49149922720247297,
        "recall": 0.6005665722379604,
        "f1_score": 0.5405864853378666
      },
      "car": {
        "true_positives": 155786,
        "false_positives": 49363,
        "false_negatives": 33024,
        "precision": 0.7593797678760316,
        "recall": 0.8250940098511731,
        "f1_score": 0.7908741772621009
      },
      "truck": {
        "true_positives": 5021,
        "false_positives": 3683,
        "false_negatives": 3698,
        "precision": 0.5768612132352942,
        "recall": 0.5758687922926942,
        "f1_score": 0.57636457556104
      },
      "bus": {
        "true_positives": 1733,
        "false_positives": 1484,
        "false_negatives": 1338,
        "precision": 0.5387006527820951,
        "recall": 0.5643112992510583,
        "f1_score": 0.5512086513994912
      },
      "train": {
        "true_positives": 2,
        "false_positives": 26,
        "false_negatives": 21,
        "precision": 0.07142857142857142,
        "recall": 0.08695652173913043,
        "f1_score": 0.0784313725490196
      },
      "motor": {
        "true_positives": 437,
        "false_positives": 404,
        "false_negatives": 310,
        "precision": 0.5196195005945303,
        "recall": 0.5850066934404283,
        "f1_score": 0.5503778337531485
      },
      "bike": {
        "true_positives": 1079,
        "false_positives": 919,
        "false_negatives": 692,
        "precision": 0.54004004004004,
        "recall": 0.6092603049124788,
        "f1_score": 0.5725656672857523
      },
      "traffic light": {
        "true_positives": 33505,
        "false_positives": 19335,
        "false_negatives": 10900,
        "precision": 0.6340840272520818,
        "recall": 0.7545321472807116,
        "f1_score": 0.6890842716849196
      },
      "traffic sign": {
        "true_positives": 44954,
        "false_positives": 24052,
        "false_negatives": 17766,
        "precision": 0.6514505984986813,
        "recall": 0.7167410714285715,
        "f1_score": 0.6825379955361888
      }
    }
  },
  "yolo_official_metrics": {
    "overall": {
      "precision": 0.6273225811348115,
      "recall": 0.5268475307982506,
      "map50": 0.5568917273283898,
      "map50_95": 0.3134755674839058,
      "fitness": 0.3134755674839058
    },
    "per_class": {
      "person": {
        "precision": 0.7573783073762734,
        "recall": 0.5710344827586207,
        "ap50": 0.6559924386607665,
        "ap50_95": 0.3325124138841916
      },
      "rider": {
        "precision": 0.6454182051102205,
        "recall": 0.49304482225656876,
        "ap50": 0.5124239816951276,
        "ap50_95": 0.2650468254958321
      },
      "car": {
        "precision": 0.8225029131972357,
        "recall": 0.7267352022188751,
        "ap50": 0.7991073746773028,
        "ap50_95": 0.49712555504490014
      },
      "truck": {
        "precision": 0.6421496478441755,
        "recall": 0.6070772058823529,
        "ap50": 0.6367501911348373,
        "ap50_95": 0.4639193642511925
      },
      "bus": {
        "precision": 0.6293652012681141,
        "recall": 0.5666770282872241,
        "ap50": 0.5894350404264473,
        "ap50_95": 0.45238278264911846
      },
      "train": {
        "precision": 0.08763958518726685,
        "recall": 0.07142857142857142,
        "ap50": 0.03271193293236391,
        "ap50_95": 0.01353989240015475
      },
      "motor": {
        "precision": 0.6238787638807268,
        "recall": 0.5172413793103449,
        "ap50": 0.5135857439595823,
        "ap50_95": 0.2527613848652817
      },
      "bike": {
        "precision": 0.6185420788515381,
        "recall": 0.515015015015015,
        "ap50": 0.5239586716187472,
        "ap50_95": 0.25523149292574593
      },
      "traffic light": {
        "precision": 0.7252596612753553,
        "recall": 0.5770439061317184,
        "ap50": 0.6263103097697386,
        "ap50_95": 0.24066413132675812
      },
      "traffic sign": {
        "precision": 0.7210914473572085,
        "recall": 0.623177694693215,
        "ap50": 0.6786415884089836,
        "ap50_95": 0.3615718319958832
      }
    }
  },
  "confusion_matrix": {
    "matrix": [
      [
        14831.0,
        171.0,
        100.0,
        2.0,
        0.0,
        0.0,
        9.0,
        20.0,
        6.0,
        17.0,
        4664.0
      ],
      [
        157.0,
        636.0,
        4.0,
        0.0,
        0.0,
        0.0,
        4.0,
        8.0,
        0.0,
        2.0,
        248.0
      ],
      [
        105.0,
        19.0,
        155786.0,
        1443.0,
        331.0,
        0.0,
        46.0,
        7.0,
        34.0,
        97.0,
        30942.0
      ],
      [
        2.0,
        0.0,
        1039.0,
        5021.0,
        377.0,
        1.0,
        1.0,
        1.0,
        1.0,
        30.0,
        2246.0
      ],
      [
        1.0,
        0.0,
        257.0,
        380.0,
        1733.0,
        6.0,
        0.0,
        0.0,
        0.0,
        2.0,
        692.0
      ],
      [
        0.0,
        0.0,
        0.0,
        0.0,
        0.0,
        2.0,
        0.0,
        0.0,
        0.0,
        0.0,
        21.0
      ],
      [
        11.0,
        5.0,
        38.0,
        1.0,
        0.0,
        0.0,
        437.0,
        36.0,
        0.0,
        1.0,
        218.0
      ],
      [
        27.0,
        6.0,
        7.0,
        0.0,
        0.0,
        1.0,
        53.0,
        1079.0,
        0.0,
        0.0,
        598.0
      ],
      [
        12.0,
        2.0,
        29.0,
        1.0,
        2.0,
        3.0,
        2.0,
        3.0,
        33505.0,
        484.0,
        10362.0
      ],
      [
        25.0,
        2.0,
        95.0,
        17.0,
        7.0,
        0.0,
        2.0,
        1.0,
        265.0,
        44954.0,
        17352.0
      ],
      [
        9479.0,
        453.0,
        47794.0,
        1839.0,
        767.0,
        15.0,
        287.0,
        843.0,
        19029.0,
        23419.0,
        0.0
      ]
    ],
    "diagonal_sum": 257984,
    "total_predictions": 435070
  },
  "class_names": {
    "0": "person",
    "1": "rider",
    "2": "car",
    "3": "truck",
    "4": "bus",
    "5": "train",
    "6": "motor",
    "7": "bike",
    "8": "traffic light",
    "9": "traffic sign"
  }
}