{
  "trial_number": 43,
  "model_name": "yolo11s_finetuned_20251201",
  "dataset": "bdd100k_yolo_tiny",
  "trial_directory": "/home/adminai/src-code/CV/project_repo/tune_train/tune/yolo11s_finetuned_20251201_tune_20251201_050018/trial_043",
  "hyperparameters": {
    "imgsz": 768,
    "batch": 16,
    "optimizer": "SGD",
    "lr0": 0.00240468131213809,
    "momentum": 0.9611322047415322,
    "weight_decay": 5.233692727923508e-05,
    "warmup_epochs": 3,
    "warmup_momentum": 0.7245720707702696,
    "warmup_bias_lr": 0.08075049500401876,
    "mosaic": 0.6479255701471229,
    "mixup": 0.03520920935337229,
    "epochs": 10,
    "device": "cuda",
    "val": true,
    "patience": 20,
    "save": true,
    "plots": true,
    "cache": false,
    "workers": 4,
    "close_mosaic": 10,
    "verbose": true
  },
  "validation_metrics": {
    "map50": 0.5509988518672129,
    "map50_95": 0.30387455674170755,
    "precision": 0.7567998540800858,
    "recall": 0.48219037707030143
  },
  "training_metrics": {
    "metrics/precision(B)": 0.7566678193156103,
    "metrics/recall(B)": 0.4816072581508628,
    "metrics/mAP50(B)": 0.5507899749863887,
    "metrics/mAP50-95(B)": 0.3033219513057848
  },
  "training_config": {
    "epochs": 10,
    "batch_size": 16,
    "image_size": 768,
    "device": "cuda"
  },
  "timestamp": "2025-12-01T06:03:27.504760",
  "status": "completed"
}