{
  "metadata": {
    "model_name": "yolo11s_finetuned_20251201",
    "run_name": "yolo11s_finetuned_20251201_testing_20251201_070038",
    "wb_run_name": "yolo11s_finetuned_20251201_bdd100k_yolo_limited_test_20251201_070038",
    "timestamp": "2025-12-01T07:11:14.939449",
    "dataset": "bdd100k_yolo_limited",
    "data_split": "test",
    "images_processed": 20000,
    "iou_threshold": 0.5,
    "num_classes": 10
  },
  "model_info": {
    "parameters": 9431662,
    "model_size_mb": 18.277307510375977,
    "flops_gflops": 21.567846399999997
  },
  "performance": {
    "total_time_seconds": 106.68538188934326,
    "avg_inference_time_ms": 2140.5082593035336,
    "fps": 467.17876263900723,
    "images_processed": 20000
  },
  "custom_metrics": {
    "overall": {
      "precision": 0.6495933124301452,
      "recall": 0.8039640682689427,
      "f1_score": 0.7185814459288318,
      "true_positives": 238873,
      "false_positives": 128854,
      "false_negatives": 58246
    },
    "per_class": {
      "person": {
        "true_positives": 13364,
        "false_positives": 11286,
        "false_negatives": 3746,
        "precision": 0.5421501014198783,
        "recall": 0.7810637054354179,
        "f1_score": 0.6400383141762452
      },
      "rider": {
        "true_positives": 548,
        "false_positives": 746,
        "false_negatives": 383,
        "precision": 0.4234930448222566,
        "recall": 0.5886143931256713,
        "f1_score": 0.4925842696629213
      },
      "car": {
        "true_positives": 149115,
        "false_positives": 56034,
        "false_negatives": 28241,
        "precision": 0.7268619393708963,
        "recall": 0.8407665937436568,
        "f1_score": 0.7796760826655862
      },
      "truck": {
        "true_positives": 4699,
        "false_positives": 4005,
        "false_negatives": 2972,
        "precision": 0.5398667279411765,
        "recall": 0.6125668100638769,
        "f1_score": 0.5739236641221375
      },
      "bus": {
        "true_positives": 1652,
        "false_positives": 1565,
        "false_negatives": 1154,
        "precision": 0.513521914827479,
        "recall": 0.5887384176764077,
        "f1_score": 0.5485638386186286
      },
      "train": {
        "true_positives": 1,
        "false_positives": 27,
        "false_negatives": 8,
        "precision": 0.03571428571428571,
        "recall": 0.1111111111111111,
        "f1_score": 0.05405405405405406
      },
      "motor": {
        "true_positives": 393,
        "false_positives": 448,
        "false_negatives": 239,
        "precision": 0.46730083234244946,
        "recall": 0.6218354430379747,
        "f1_score": 0.5336048879837068
      },
      "bike": {
        "true_positives": 1013,
        "false_positives": 985,
        "false_negatives": 744,
        "precision": 0.507007007007007,
        "recall": 0.5765509391007398,
        "f1_score": 0.5395472703062584
      },
      "traffic light": {
        "true_positives": 28877,
        "false_positives": 23963,
        "false_negatives": 8026,
        "precision": 0.5464988644965935,
        "recall": 0.7825109069723328,
        "f1_score": 0.6435488004635459
      },
      "traffic sign": {
        "true_positives": 39211,
        "false_positives": 29795,
        "false_negatives": 12733,
        "precision": 0.5682259513665479,
        "recall": 0.7548706299091329,
        "f1_score": 0.6483836295990079
      }
    }
  },
  "yolo_official_metrics": {
    "overall": {
      "precision": 0.6446409788361251,
      "recall": 0.4846377544206847,
      "map50": 0.5313738500327282,
      "map50_95": 0.29494589263468596,
      "fitness": 0.29494589263468596
    },
    "per_class": {
      "person": {
        "precision": 0.7754755524676358,
        "recall": 0.5215115364802881,
        "ap50": 0.6188039312782652,
        "ap50_95": 0.3067442032450912
      },
      "rider": {
        "precision": 0.6277971223045753,
        "recall": 0.4381761978361669,
        "ap50": 0.47729938497953867,
        "ap50_95": 0.2347941121483988
      },
      "car": {
        "precision": 0.8263421404189425,
        "recall": 0.7014427015242535,
        "ap50": 0.7764074030682114,
        "ap50_95": 0.4834276207708121
      },
      "truck": {
        "precision": 0.6606457539298886,
        "recall": 0.5667509191176471,
        "ap50": 0.617915691723503,
        "ap50_95": 0.44566548229524494
      },
      "bus": {
        "precision": 0.6369607549721352,
        "recall": 0.5383010292480463,
        "ap50": 0.5701743737334007,
        "ap50_95": 0.43501582572238695
      },
      "train": {
        "precision": 0.2094593310999473,
        "recall": 0.07142857142857142,
        "ap50": 0.08299285101923823,
        "ap50_95": 0.027227242036979116
      },
      "motor": {
        "precision": 0.6527477233062382,
        "recall": 0.47384966209066043,
        "ap50": 0.4800190685711825,
        "ap50_95": 0.23735403308401568
      },
      "bike": {
        "precision": 0.5692735899471421,
        "recall": 0.48348348348348347,
        "ap50": 0.47911003144439823,
        "ap50_95": 0.22632024254949606
      },
      "traffic light": {
        "precision": 0.741140163339188,
        "recall": 0.5030463462235369,
        "ap50": 0.5784048498653739,
        "ap50_95": 0.2189995210279358
      },
      "traffic sign": {
        "precision": 0.7465676565755586,
        "recall": 0.5483870967741935,
        "ap50": 0.6326109146441711,
        "ap50_95": 0.3339106434664988
      }
    }
  },
  "confusion_matrix": {
    "matrix": [
      [
        13364.0,
        168.0,
        85.0,
        1.0,
        0.0,
        0.0,
        12.0,
        21.0,
        5.0,
        19.0,
        3435.0
      ],
      [
        159.0,
        548.0,
        5.0,
        0.0,
        0.0,
        0.0,
        9.0,
        11.0,
        0.0,
        3.0,
        196.0
      ],
      [
        107.0,
        26.0,
        149115.0,
        1440.0,
        302.0,
        0.0,
        46.0,
        12.0,
        30.0,
        92.0,
        26186.0
      ],
      [
        0.0,
        1.0,
        900.0,
        4699.0,
        349.0,
        2.0,
        0.0,
        0.0,
        1.0,
        25.0,
        1694.0
      ],
      [
        2.0,
        0.0,
        219.0,
        364.0,
        1652.0,
        5.0,
        0.0,
        0.0,
        0.0,
        2.0,
        562.0
      ],
      [
        0.0,
        0.0,
        0.0,
        0.0,
        0.0,
        1.0,
        0.0,
        0.0,
        0.0,
        0.0,
        8.0
      ],
      [
        8.0,
        2.0,
        28.0,
        0.0,
        0.0,
        0.0,
        393.0,
        38.0,
        0.0,
        0.0,
        163.0
      ],
      [
        34.0,
        3.0,
        11.0,
        0.0,
        0.0,
        1.0,
        62.0,
        1013.0,
        0.0,
        0.0,
        633.0
      ],
      [
        10.0,
        1.0,
        19.0,
        2.0,
        1.0,
        3.0,
        1.0,
        2.0,
        28877.0,
        386.0,
        7601.0
      ],
      [
        23.0,
        2.0,
        72.0,
        18.0,
        1.0,
        0.0,
        2.0,
        1.0,
        232.0,
        39211.0,
        12382.0
      ],
      [
        10943.0,
        543.0,
        54695.0,
        2180.0,
        912.0,
        16.0,
        316.0,
        900.0,
        23695.0,
        29268.0,
        0.0
      ]
    ],
    "diagonal_sum": 238873,
    "total_predictions": 420587
  },
  "class_names": {
    "0": "person",
    "1": "rider",
    "2": "car",
    "3": "truck",
    "4": "bus",
    "5": "train",
    "6": "motor",
    "7": "bike",
    "8": "traffic light",
    "9": "traffic sign"
  }
}