{
  "trial_number": 1,
  "model_name": "yolo11s_finetuned_20251201",
  "dataset": "bdd100k_yolo_tiny",
  "trial_directory": "/home/adminai/src-code/CV/project_repo/tune_train/tune/yolo11s_finetuned_20251201_tune_20251201_050018/trial_001",
  "hyperparameters": {
    "imgsz": 640,
    "batch": 32,
    "optimizer": "AdamW",
    "lr0": 0.0005418282319533242,
    "momentum": 0.8849474968237651,
    "weight_decay": 0.00016738085788752134,
    "warmup_epochs": 0,
    "warmup_momentum": 0.6314650918408482,
    "warmup_bias_lr": 0.03663618432936917,
    "mosaic": 0.728034992108518,
    "mixup": 0.15703519227860274,
    "epochs": 10,
    "device": "cuda",
    "val": true,
    "patience": 20,
    "save": true,
    "plots": true,
    "cache": false,
    "workers": 4,
    "close_mosaic": 10,
    "verbose": true
  },
  "validation_metrics": {
    "map50": 0.5150614696029788,
    "map50_95": 0.2738266130184748,
    "precision": 0.6034537727045638,
    "recall": 0.46649062567591554
  },
  "training_metrics": {
    "metrics/precision(B)": 0.5988087727086093,
    "metrics/recall(B)": 0.4680054361691087,
    "metrics/mAP50(B)": 0.5144770626960822,
    "metrics/mAP50-95(B)": 0.2734790617434396
  },
  "training_config": {
    "epochs": 10,
    "batch_size": 32,
    "image_size": 640,
    "device": "cuda"
  },
  "timestamp": "2025-12-01T05:03:32.316442",
  "status": "completed"
}