{
  "trial_number": 3,
  "model_name": "yolo11s_finetuned_20251201",
  "dataset": "bdd100k_yolo_tiny",
  "trial_directory": "/home/adminai/src-code/CV/project_repo/tune_train/tune/yolo11s_finetuned_20251201_tune_20251201_050018/trial_003",
  "hyperparameters": {
    "imgsz": 640,
    "batch": 32,
    "optimizer": "AdamW",
    "lr0": 0.00027520696850790545,
    "momentum": 0.9295026741224778,
    "weight_decay": 4.201672054372529e-05,
    "warmup_epochs": 2,
    "warmup_momentum": 0.7460196257044758,
    "warmup_bias_lr": 0.018485445552552705,
    "mosaic": 0.9847923138822793,
    "mixup": 0.15502656467222292,
    "epochs": 10,
    "device": "cuda",
    "val": true,
    "patience": 20,
    "save": true,
    "plots": true,
    "cache": false,
    "workers": 4,
    "close_mosaic": 10,
    "verbose": true
  },
  "validation_metrics": {
    "map50": 0.5359757978026949,
    "map50_95": 0.2909093919008841,
    "precision": 0.7322958105472411,
    "recall": 0.4670307361605608
  },
  "training_metrics": {
    "metrics/precision(B)": 0.7313593964553805,
    "metrics/recall(B)": 0.4666199391499156,
    "metrics/mAP50(B)": 0.5352859292352494,
    "metrics/mAP50-95(B)": 0.28970870629982676
  },
  "training_config": {
    "epochs": 10,
    "batch_size": 32,
    "image_size": 640,
    "device": "cuda"
  },
  "timestamp": "2025-12-01T05:06:15.811468",
  "status": "completed"
}