scene,images,expected,matched,missed,accuracy
highway,5069,73549,60537,13012,0.8230839304409305
city street,12288,252212,211203,41009,0.8374026612532314
gas stations,6,68,57,11,0.8382352941176471
undefined,98,1076,913,163,0.8485130111524164
residential,2382,38980,33575,5405,0.8613391482811699
tunnel,49,325,283,42,0.8707692307692307
parking lot,108,1518,1332,186,0.8774703557312253
