object_count_range,images,expected,matched,missed,accuracy
1-5,1148,5171,4629,542,0.8951846838135757
6-10,3378,27420,24027,3393,0.8762582056892779
11-20,8189,127057,109141,17916,0.8589924207245567
21-50,7177,201968,165671,36297,0.8202834112334627
50+,108,6112,4432,1680,0.725130890052356
