size_bucket,expected,matched,missed,accuracy
small,321502,263136,58366,0.8184583610677383
medium,33242,32185,1057,0.9682028758799109
large,12984,12579,405,0.9688077634011091
