timeofday,images,expected,matched,missed,accuracy
dawn/dusk,1476,28884,24021,4863,0.8316368923971749
daytime,10446,206835,172835,34000,0.8356177629511446
night,8036,131707,110782,20925,0.8411246175222273
undefined,42,302,262,40,0.8675496688741722
