weather,images,expected,matched,missed,accuracy
overcast,2568,54344,44978,9366,0.827653466804063
partly cloudy,1441,28112,23374,4738,0.831459874786568
clear,10756,187148,156678,30470,0.8371876803385556
foggy,38,545,458,87,0.8403669724770643
snowy,1551,28238,23735,4503,0.8405340321552518
undefined,2340,46993,39676,7317,0.8442959589726129
rainy,1306,22348,19001,3347,0.85023268301414
