{
  "trial_number": 47,
  "model_name": "yolo11s_finetuned_20251201",
  "dataset": "bdd100k_yolo_tiny",
  "trial_directory": "/home/adminai/src-code/CV/project_repo/tune_train/tune/yolo11s_finetuned_20251201_tune_20251201_050018/trial_047",
  "hyperparameters": {
    "imgsz": 768,
    "batch": 16,
    "optimizer": "AdamW",
    "lr0": 0.002242399683398475,
    "momentum": 0.9390593272171055,
    "weight_decay": 2.9940948330660373e-05,
    "warmup_epochs": 3,
    "warmup_momentum": 0.7230096656239559,
    "warmup_bias_lr": 0.04896737959802662,
    "mosaic": 0.8800801511680572,
    "mixup": 0.04279990199386663,
    "epochs": 10,
    "device": "cuda",
    "val": true,
    "patience": 20,
    "save": true,
    "plots": true,
    "cache": false,
    "workers": 4,
    "close_mosaic": 10,
    "verbose": true
  },
  "validation_metrics": {
    "map50": 0.4870341900438283,
    "map50_95": 0.25730540851542666,
    "precision": 0.6773149990489913,
    "recall": 0.45621559511254783
  },
  "training_metrics": {
    "metrics/precision(B)": 0.6772818501589806,
    "metrics/recall(B)": 0.4596656276847053,
    "metrics/mAP50(B)": 0.4886763354145158,
    "metrics/mAP50-95(B)": 0.2569783290005441
  },
  "training_config": {
    "epochs": 10,
    "batch_size": 16,
    "image_size": 768,
    "device": "cuda"
  },
  "timestamp": "2025-12-01T06:09:31.478041",
  "status": "completed"
}