{
  "trial_number": 24,
  "model_name": "yolo11s_finetuned_20251201",
  "dataset": "bdd100k_yolo_tiny",
  "trial_directory": "/home/adminai/src-code/CV/project_repo/tune_train/tune/yolo11s_finetuned_20251201_tune_20251201_050018/trial_024",
  "hyperparameters": {
    "imgsz": 640,
    "batch": 32,
    "optimizer": "AdamW",
    "lr0": 0.0018226314967381932,
    "momentum": 0.9640040874810467,
    "weight_decay": 0.00013206503819814336,
    "warmup_epochs": 3,
    "warmup_momentum": 0.8929171800514741,
    "warmup_bias_lr": 0.05475412837154481,
    "mosaic": 0.9876414443918985,
    "mixup": 0.0359373434170524,
    "epochs": 10,
    "device": "cuda",
    "val": true,
    "patience": 20,
    "save": true,
    "plots": true,
    "cache": false,
    "workers": 4,
    "close_mosaic": 10,
    "verbose": true
  },
  "validation_metrics": {
    "map50": 0.48587602914696476,
    "map50_95": 0.2595485106119129,
    "precision": 0.6990126154144829,
    "recall": 0.4335420932326411
  },
  "training_metrics": {
    "metrics/precision(B)": 0.6986461108061522,
    "metrics/recall(B)": 0.43405419918102667,
    "metrics/mAP50(B)": 0.4853032134205707,
    "metrics/mAP50-95(B)": 0.25922374409255783
  },
  "training_config": {
    "epochs": 10,
    "batch_size": 32,
    "image_size": 640,
    "device": "cuda"
  },
  "timestamp": "2025-12-01T05:35:29.374168",
  "status": "completed"
}