{
  "trial_number": 9,
  "model_name": "yolo11s_finetuned_20251201",
  "dataset": "bdd100k_yolo_tiny",
  "trial_directory": "/home/adminai/src-code/CV/project_repo/tune_train/tune/yolo11s_finetuned_20251201_tune_20251201_050018/trial_009",
  "hyperparameters": {
    "imgsz": 768,
    "batch": 16,
    "optimizer": "AdamW",
    "lr0": 0.00034695916603302916,
    "momentum": 0.8632062309433212,
    "weight_decay": 2.8567374298471872e-05,
    "warmup_epochs": 1,
    "warmup_momentum": 0.8681066446651219,
    "warmup_bias_lr": 0.08607305832563435,
    "mosaic": 0.5034760652655954,
    "mixup": 0.10214946051551316,
    "epochs": 10,
    "device": "cuda",
    "val": true,
    "patience": 20,
    "save": true,
    "plots": true,
    "cache": false,
    "workers": 4,
    "close_mosaic": 10,
    "verbose": true
  },
  "validation_metrics": {
    "map50": 0.5378581398644396,
    "map50_95": 0.2949293335008173,
    "precision": 0.5918911085577988,
    "recall": 0.4953511795011886
  },
  "training_metrics": {
    "metrics/precision(B)": 0.6109567351338283,
    "metrics/recall(B)": 0.4827436971538283,
    "metrics/mAP50(B)": 0.5383127977127911,
    "metrics/mAP50-95(B)": 0.2939225257185452
  },
  "training_config": {
    "epochs": 10,
    "batch_size": 16,
    "image_size": 768,
    "device": "cuda"
  },
  "timestamp": "2025-12-01T05:14:13.423061",
  "status": "completed"
}