{
  "trial_number": 42,
  "model_name": "yolo11s_finetuned_20251201",
  "dataset": "bdd100k_yolo_tiny",
  "trial_directory": "/home/adminai/src-code/CV/project_repo/tune_train/tune/yolo11s_finetuned_20251201_tune_20251201_050018/trial_042",
  "hyperparameters": {
    "imgsz": 640,
    "batch": 32,
    "optimizer": "SGD",
    "lr0": 0.002337381510721718,
    "momentum": 0.9450100644921955,
    "weight_decay": 0.00019266340472842637,
    "warmup_epochs": 3,
    "warmup_momentum": 0.7303835887961108,
    "warmup_bias_lr": 0.09966707178167371,
    "mosaic": 0.8043709800284085,
    "mixup": 0.040321222631828094,
    "epochs": 10,
    "device": "cuda",
    "val": true,
    "patience": 20,
    "save": true,
    "plots": true,
    "cache": false,
    "workers": 4,
    "close_mosaic": 10,
    "verbose": true
  },
  "validation_metrics": {
    "map50": 0.5392208389212123,
    "map50_95": 0.2963127239477613,
    "precision": 0.6974807982933007,
    "recall": 0.48752249660133495
  },
  "training_metrics": {
    "metrics/precision(B)": 0.6973536103671998,
    "metrics/recall(B)": 0.4885206720562053,
    "metrics/mAP50(B)": 0.5392152622234666,
    "metrics/mAP50-95(B)": 0.2963647322927
  },
  "training_config": {
    "epochs": 10,
    "batch_size": 32,
    "image_size": 640,
    "device": "cuda"
  },
  "timestamp": "2025-12-01T06:01:55.302590",
  "status": "completed"
}