{
  "trial_number": 0,
  "model_name": "yolo11s_finetuned_20251201",
  "dataset": "bdd100k_yolo_tiny",
  "trial_directory": "/home/adminai/src-code/CV/project_repo/tune_train/tune/yolo11s_finetuned_20251201_tune_20251201_050018/trial_000",
  "hyperparameters": {
    "imgsz": 768,
    "batch": 16,
    "optimizer": "SGD",
    "lr0": 0.00018408992080552527,
    "momentum": 0.856970033460184,
    "weight_decay": 0.0005399484409787432,
    "warmup_epochs": 2,
    "warmup_momentum": 0.8186326600082204,
    "warmup_bias_lr": 0.0020584494295802446,
    "mosaic": 0.9849549260809971,
    "mixup": 0.16648852816008436,
    "epochs": 10,
    "device": "cuda",
    "val": true,
    "patience": 20,
    "save": true,
    "plots": true,
    "cache": false,
    "workers": 4,
    "close_mosaic": 10,
    "verbose": true
  },
  "validation_metrics": {
    "map50": 0.5472603824253411,
    "map50_95": 0.30068006784276374,
    "precision": 0.643851047305599,
    "recall": 0.49107081340101466
  },
  "training_metrics": {
    "metrics/precision(B)": 0.6434478122790251,
    "metrics/recall(B)": 0.49050598353606556,
    "metrics/mAP50(B)": 0.5470248964319556,
    "metrics/mAP50-95(B)": 0.30047695737109675
  },
  "training_config": {
    "epochs": 10,
    "batch_size": 16,
    "image_size": 768,
    "device": "cuda"
  },
  "timestamp": "2025-12-01T05:02:19.827358",
  "status": "completed"
}